{
  "total_trades": 137,
  "win_rate": 0.0,
  "payoff_ratio": 0.0,
  "expectancy": -5.19279964584892,
  "profit_factor": 0.0,
  "total_pnl": -706.2207518354531,
  "total_costs": 655.2408616743552,
  "avg_cost_per_trade": 4.782780012221571,
  "gross_pnl_before_costs": -50.979890161097956
}