{
  "timestamp_utc": "20251230_171052",
  "target": "direction_confidence_1h",
  "n_features": 17,
  "schema_hash": "d7a9e9fb3a42",
  "class_mapping": {
    "down": 0,
    "neutral": 1,
    "up": 2
  },
  "meta_score_in_sample": 0.8175438596491228,
  "calibrated_score": 0.8046783625730994,
  "cv_scores": {
    "randomforest": 0.8269005847953217,
    "extratrees": 0.8245614035087719,
    "histgb": 0.8198830409356725,
    "gb_classifier": 0.8198830409356725
  },
  "folds": 3,
  "embargo_pct": 0.01,
  "purge_pct": 0.02,
  "training_samples": 3416,
  "test_samples": 855
}