{"timestamp_utc": "20251018_101628", "target": "direction_confidence_3min", "n_features": 17, "schema_hash": "d7a9e9fb3a42", "class_mapping": {"down": 0, "neutral": 1, "up": 2}, "meta_score_in_sample": 0.4305488540410133, "cv_scores": {"histgb": 0.5132778549980189, "randomforest": 0.5065901476470207, "extratrees": 0.4962534466826442, "gb_classifier": 0.5231725591242573, "logistic_scaled": 0.4922510081699874, "naive_bayes_scaled": 0.4447972780483897}, "folds": 3, "embargo_pct": 0.01, "purge_pct": 0.02}