{
  "timestamp_utc": "20260105_160141",
  "target": "direction_confidence_5m_adaptive",
  "threshold": 0.0005,
  "metrics": {
    "accuracy": 0.5417085427135678,
    "conf_std": 0.14173770016817408,
    "final_samples": 3976
  },
  "config": {
    "fresh_days": 90,
    "min_accuracy": 0.51
  }
}