{
  "timestamp_utc": "20260103_132516",
  "target": "direction_confidence_5m_adaptive",
  "threshold": 0.0005977466424977376,
  "metrics": {
    "accuracy": 0.6636455186304129,
    "conf_std": 0.02417502053614057,
    "final_samples": 3972
  },
  "config": {
    "fresh_days": 90,
    "min_accuracy": 0.53
  }
}